{
    "spearman_correlation": 0.5346349637008828,
    "p_value": 0.0003796339612235061
}