{
    "spearman_correlation": 0.7532029723814303,
    "p_value": 2.0493343611961383e-08
}