{
    "spearman_correlation": 0.7800507018281317,
    "p_value": 2.96943786934192e-09
}