{
    "spearman_correlation": 0.7527336870403826,
    "p_value": 2.115086075311797e-08
}