{
    "spearman_correlation": 0.7665384558202825,
    "p_value": 8.105135731482698e-09
}