{
    "spearman_correlation": 0.7303018477383064,
    "p_value": 8.86408428509027e-08
}