{
    "spearman_correlation": 0.7644740849024164,
    "p_value": 9.39364528364092e-09
}