{
    "spearman_correlation": 0.6429715140299703,
    "p_value": 7.674318658296303e-06
}