{
    "spearman_correlation": 0.6518925442377762,
    "p_value": 5.194646844904669e-06
}