{
    "spearman_correlation": 0.5513423063165354,
    "p_value": 0.00022670279171265029
}