{
    "spearman_correlation": 0.6129592598234415,
    "p_value": 2.6148437618175128e-05
}