{
    "spearman_correlation": 0.5240286169842046,
    "p_value": 0.0005194907745989598
}