{
    "spearman_correlation": 0.7739514241162553,
    "p_value": 4.7119766184617285e-09
}