{
    "spearman_correlation": 0.7650370951527437,
    "p_value": 9.024510959673548e-09
}