{
    "spearman_correlation": 0.5811476877046192,
    "p_value": 8.419615186969884e-05
}