{
    "spearman_correlation": 0.5706376697774568,
    "p_value": 0.00012069913563098556
}