{
    "spearman_correlation": 0.6230635308293928,
    "p_value": 1.7554234898588436e-05
}