{
    "spearman_correlation": 0.6405299689204654,
    "p_value": 8.520874670381669e-06
}