{
    "spearman_correlation": 0.7926245974187692,
    "p_value": 1.0929371422835955e-09
}