{
    "spearman_correlation": 0.6138976542812239,
    "p_value": 2.521300814429745e-05
}