{
    "spearman_correlation": 0.5281585219004332,
    "p_value": 0.0004603308918239952
}