{
    "spearman_correlation": 0.7464452634703445,
    "p_value": 3.208072980023377e-08
}